Workbook

Sheet Riepilogo
A1: Prospetto Margine Economico - DESSI' ALESSANDRO
A2: Fonte: export HTML 'Quadro Economico' fornito dall'utente. Valori del periodo di competenza.
A4: Voce | B4: Valore (€) | C4: % su ricavi
A5: Ricavi | B5: =Commesse!F29 -> 2713605.5 | C5: =IF($B$5=0,"",B5/$B$5) -> 1
A6: Costi diretti | B6: =Commesse!H29 -> 2242886 | C6: =IF($B$5=0,"",B6/$B$5) -> 0.82653355
A7: MLC (margine lordo di commessa) | B7: =Commesse!J29 -> 470719.52 | C7: =IF($B$5=0,"",B7/$B$5) -> 0.17346645
A8: Fatturato | B8: =Commesse!M29 -> 2713605.5 | C8: =IF($B$5=0,"",B8/$B$5) -> 1
A9: Scostamento ricavi competenza - fatturato | B9: =Commesse!N29 -> 0 | C9: =IF($B$5=0,"",B9/$B$5) -> 0
A11: Indicatori
A12: Numero commesse | B12: =COUNTA(Commesse!A5:A28) -> 24
A13: Commesse con MLC negativo | B13: =COUNTIF(Commesse!J5:J28,"<0") -> 5
A14: MLC perso sulle commesse in perdita (€) | B14: =SUMIF(Commesse!J5:J28,"<0") -> -79001.78
A15: Numero righe (base + quadri + varianti) | B15: =COUNTA(Dettaglio!B5:B100) -> 96
A16: Controllo: totale Dettaglio = totale Commesse | B16: =IF(ROUND(Dettaglio!H101-Commesse!F29,2)=0,"OK","ERRORE") -> OK
A18: Legenda
A19: Testo blu = valore copiato dal report (dato di input)
A20: Testo nero = formula
A21: Sfondo rosso = MLC negativo
A22: Avvisi = dai tooltip del report (costi previsti a zero / consuntivi oltre il previsto)

Sheet Commesse
A1: Prospetto Margine Economico - DESSI' ALESSANDRO
A2: Valori relativi al periodo di competenza del report. Ricavi e costi = somma delle righe del foglio Dettaglio; Fatturato (blu) dal report.
A4: Commessa | B4: Descrizione | C4: Cod. cliente | D4: Cliente | E4: Stato | F4: Ricavi (€) | G4: % Inc. ricavi | H4: Costi diretti (€) | I4: % Inc. costi | J4: MLC (€) | K4: % Inc. MLC | L4: % MLC | M4: Fatturato (€) | N4: Scostamento ricavi - fatturato (€) | O4: N. varianti | P4: Avvisi
A5: S1146 | B5: MANUTENZIONE STABILIMENTO NUOVO PIGNONE dal 14/03/2016 | C5: 00782 | D5: ENGIE Servizi S.p.A. | E5: In Progress | F5: =SUMIFS(Dettaglio!$H$5:$H$100,Dettaglio!$A$5:$A$100,A5) -> 345280.73 | G5: =IF($F$29=0,"",F5/$F$29) -> 0.12724058 | H5: =SUMIFS(Dettaglio!$I$5:$I$100,Dettaglio!$A$5:$A$100,A5) -> 254932.22 | I5: =IF($H$29=0,"",H5/$H$29) -> 0.11366258 | J5: =F5-H5 -> 90348.51 | K5: =IF($J$29=0,"",J5/$J$29) -> 0.19193704 | L5: =IF(F5=0,"",J5/F5) -> 0.26166682 | M5: 345280.73 | N5: =F5-M5 -> 0 | O5: =COUNTIF(Dettaglio!$A$5:$A$100,A5)-COUNTIFS(Dettaglio!$A$5:$A$100,A5,Dettaglio!$C$5:$C$100,"Base") -> 3 | P5: Costi previsti a zero
A6: S1343 | B6: MANUTENZIONE IMPIANTI DI TELECONTROLLO | C6: 00198 | D6: PUBLIACQUA S.p.A. | E6: Nuova | F6: =SUMIFS(Dettaglio!$H$5:$H$100,Dettaglio!$A$5:$A$100,A6) -> 0 | G6: =IF($F$29=0,"",F6/$F$29) -> 0 | H6: =SUMIFS(Dettaglio!$I$5:$I$100,Dettaglio!$A$5:$A$100,A6) -> 384.19 | I6: =IF($H$29=0,"",H6/$H$29) -> 0.0001712927 | J6: =F6-H6 -> -384.19 | K6: =IF($J$29=0,"",J6/$J$29) -> -0.00081617605 | L6: =IF(F6=0,"",J6/F6) | M6: 0 | N6: =F6-M6 -> 0 | O6: =COUNTIF(Dettaglio!$A$5:$A$100,A6)-COUNTIFS(Dettaglio!$A$5:$A$100,A6,Dettaglio!$C$5:$C$100,"Base") -> 1 | P6: Costi previsti a zero
A7: S1659 | B7: MANUTENZIONE E IMP. ELETTRICI SU RETI E IMPIANTI - ZONA LUCCHESIA - VALDINIEVOLE 2° CONTRATTO | C7: 00335 | D7: ACQUE SPA | E7: Chiusa | F7: =SUMIFS(Dettaglio!$H$5:$H$100,Dettaglio!$A$5:$A$100,A7) -> 2732 | G7: =IF($F$29=0,"",F7/$F$29) -> 0.0010067786 | H7: =SUMIFS(Dettaglio!$I$5:$I$100,Dettaglio!$A$5:$A$100,A7) -> 62349.69 | I7: =IF($H$29=0,"",H7/$H$29) -> 0.027798867 | J7: =F7-H7 -> -59617.69 | K7: =IF($J$29=0,"",J7/$J$29) -> -0.12665226 | L7: =IF(F7=0,"",J7/F7) -> -21.821995 | M7: 2732 | N7: =F7-M7 -> 0 | O7: =COUNTIF(Dettaglio!$A$5:$A$100,A7)-COUNTIFS(Dettaglio!$A$5:$A$100,A7,Dettaglio!$C$5:$C$100,"Base") -> 6 | P7: Costi previsti a zero
A8: S1722 | B8: Impianti elettrici Uffici campata F12 | C8: 00380 | D8: ANGELI S.R.L | E8: Chiusa | F8: =SUMIFS(Dettaglio!$H$5:$H$100,Dettaglio!$A$5:$A$100,A8) -> 0 | G8: =IF($F$29=0,"",F8/$F$29) -> 0 | H8: =SUMIFS(Dettaglio!$I$5:$I$100,Dettaglio!$A$5:$A$100,A8) -> 1881.96 | I8: =IF($H$29=0,"",H8/$H$29) -> 0.00083907964 | J8: =F8-H8 -> -1881.96 | K8: =IF($J$29=0,"",J8/$J$29) -> -0.0039980496 | L8: =IF(F8=0,"",J8/F8) | M8: 0 | N8: =F8-M8 -> 0 | O8: =COUNTIF(Dettaglio!$A$5:$A$100,A8)-COUNTIFS(Dettaglio!$A$5:$A$100,A8,Dettaglio!$C$5:$C$100,"Base") -> 0 | P8: Costi cons. compl. 391.055,35 > previsti 345.915,00 (+45.140,35)
A9: S1756 | B9: IMPIANTO ELETTRICO NUOVO CAPANNONE BOX & PACK N.P. FI | C9: 00380 | D9: ANGELI S.R.L | E9: In Progress | F9: =SUMIFS(Dettaglio!$H$5:$H$100,Dettaglio!$A$5:$A$100,A9) -> 0 | G9: =IF($F$29=0,"",F9/$F$29) -> 0 | H9: =SUMIFS(Dettaglio!$I$5:$I$100,Dettaglio!$A$5:$A$100,A9) -> 17054.2 | I9: =IF($H$29=0,"",H9/$H$29) -> 0.0076036855 | J9: =F9-H9 -> -17054.2 | K9: =IF($J$29=0,"",J9/$J$29) -> -0.036230068 | L9: =IF(F9=0,"",J9/F9) | M9: 0 | N9: =F9-M9 -> 0 | O9: =COUNTIF(Dettaglio!$A$5:$A$100,A9)-COUNTIFS(Dettaglio!$A$5:$A$100,A9,Dettaglio!$C$5:$C$100,"Base") -> 0
A10: S1765 | B10: LAVORI DI MANUTENZIONE E REALIZZAZIONE IMPIANTI ELETTRICI - LOTTO III ZONA LUCCHESIA - VALDINIEVOLE | C10: 00335 | D10: ACQUE SPA | E10: Chiusa | F10: =SUMIFS(Dettaglio!$H$5:$H$100,Dettaglio!$A$5:$A$100,A10) -> 866.04 | G10: =IF($F$29=0,"",F10/$F$29) -> 0.00031914734 | H10: =SUMIFS(Dettaglio!$I$5:$I$100,Dettaglio!$A$5:$A$100,A10) -> 0 | I10: =IF($H$29=0,"",H10/$H$29) -> 0 | J10: =F10-H10 -> 866.04 | K10: =IF($J$29=0,"",J10/$J$29) -> 0.0018398217 | L10: =IF(F10=0,"",J10/F10) -> 1 | M10: 866.04 | N10: =F10-M10 -> 0 | O10: =COUNTIF(Dettaglio!$A$5:$A$100,A10)-COUNTIFS(Dettaglio!$A$5:$A$100,A10,Dettaglio!$C$5:$C$100,"Base") -> 0 | P10: Costi previsti a zero
A11: S1825 | B11: Manutenzione impianti Lotto II Lucchesia e Valdinievole ANNO 2024/2025 | C11: 00335 | D11: ACQUE SPA | E11: Chiusa | F11: =SUMIFS(Dettaglio!$H$5:$H$100,Dettaglio!$A$5:$A$100,A11) -> 655395.07 | G11: =IF($F$29=0,"",F11/$F$29) -> 0.24152186 | H11: =SUMIFS(Dettaglio!$I$5:$I$100,Dettaglio!$A$5:$A$100,A11) -> 557535.82 | I11: =IF($H$29=0,"",H11/$H$29) -> 0.24857965 | J11: =F11-H11 -> 97859.25 | K11: =IF($J$29=0,"",J11/$J$29) -> 0.20789291 | L11: =IF(F11=0,"",J11/F11) -> 0.14931338 | M11: 655395.07 | N11: =F11-M11 -> 0 | O11: =COUNTIF(Dettaglio!$A$5:$A$100,A11)-COUNTIFS(Dettaglio!$A$5:$A$100,A11,Dettaglio!$C$5:$C$100,"Base") -> 25 | P11: Costi previsti a zero
A12: S1839 | B12: IMPIANTO HVAC DIG8 | C12: 00782 | D12: ENGIE Servizi S.p.A. | E12: Chiusa | F12: =SUMIFS(Dettaglio!$H$5:$H$100,Dettaglio!$A$5:$A$100,A12) -> 0 | G12: =IF($F$29=0,"",F12/$F$29) -> 0 | H12: =SUMIFS(Dettaglio!$I$5:$I$100,Dettaglio!$A$5:$A$100,A12) -> 63.74 | I12: =IF($H$29=0,"",H12/$H$29) -> 2.8418742e-05 | J12: =F12-H12 -> -63.74 | K12: =IF($J$29=0,"",J12/$J$29) -> -0.00013540972 | L12: =IF(F12=0,"",J12/F12) | M12: 0 | N12: =F12-M12 -> 0 | O12: =COUNTIF(Dettaglio!$A$5:$A$100,A12)-COUNTIFS(Dettaglio!$A$5:$A$100,A12,Dettaglio!$C$5:$C$100,"Base") -> 0 | P12: Costi cons. compl. 12.084,59 > previsti 9.228,00 (+2.856,59)
A13: S1840 | B13: NUOVA VIABILITA' PIGNONE | C13: 00380 | D13: ANGELI S.R.L | E13: Chiusa | F13: =SUMIFS(Dettaglio!$H$5:$H$100,Dettaglio!$A$5:$A$100,A13) -> 11672 | G13: =IF($F$29=0,"",F13/$F$29) -> 0.0043012884 | H13: =SUMIFS(Dettaglio!$I$5:$I$100,Dettaglio!$A$5:$A$100,A13) -> 7441.8 | I13: =IF($H$29=0,"",H13/$H$29) -> 0.0033179573 | J13: =F13-H13 -> 4230.2 | K13: =IF($J$29=0,"",J13/$J$29) -> 0.0089866679 | L13: =IF(F13=0,"",J13/F13) -> 0.36242289 | M13: 11672 | N13: =F13-M13 -> 0 | O13: =COUNTIF(Dettaglio!$A$5:$A$100,A13)-COUNTIFS(Dettaglio!$A$5:$A$100,A13,Dettaglio!$C$5:$C$100,"Base") -> 0 | P13: Costi cons. compl. 46.503,04 > previsti 42.957,10 (+3.545,94)
A14: S1857 | B14: IMP. ELETTRICO REVAMPING HVAC BUNKER HSB | C14: 00782 | D14: ENGIE Servizi S.p.A. | E14: Chiusa | F14: =SUMIFS(Dettaglio!$H$5:$H$100,Dettaglio!$A$5:$A$100,A14) -> 28386.98 | G14: =IF($F$29=0,"",F14/$F$29) -> 0.010460982 | H14: =SUMIFS(Dettaglio!$I$5:$I$100,Dettaglio!$A$5:$A$100,A14) -> 9526.72 | I14: =IF($H$29=0,"",H14/$H$29) -> 0.0042475275 | J14: =F14-H14 -> 18860.26 | K14: =IF($J$29=0,"",J14/$J$29) -> 0.040066875 | L14: =IF(F14=0,"",J14/F14) -> 0.66439826 | M14: 28386.98 | N14: =F14-M14 -> 0 | O14: =COUNTIF(Dettaglio!$A$5:$A$100,A14)-COUNTIFS(Dettaglio!$A$5:$A$100,A14,Dettaglio!$C$5:$C$100,"Base") -> 0
A15: S1868 | B15: IMPIANTO ELETTRICO VASCHE PIGNONE | C15: 00782 | D15: ENGIE Servizi S.p.A. | E15: Chiusa | F15: =SUMIFS(Dettaglio!$H$5:$H$100,Dettaglio!$A$5:$A$100,A15) -> 23808.41 | G15: =IF($F$29=0,"",F15/$F$29) -> 0.0087737181 | H15: =SUMIFS(Dettaglio!$I$5:$I$100,Dettaglio!$A$5:$A$100,A15) -> 18743.37 | I15: =IF($H$29=0,"",H15/$H$29) -> 0.008356809 | J15: =F15-H15 -> 5065.04 | K15: =IF($J$29=0,"",J15/$J$29) -> 0.010760208 | L15: =IF(F15=0,"",J15/F15) -> 0.21274163 | M15: 23808.41 | N15: =F15-M15 -> 0 | O15: =COUNTIF(Dettaglio!$A$5:$A$100,A15)-COUNTIFS(Dettaglio!$A$5:$A$100,A15,Dettaglio!$C$5:$C$100,"Base") -> 2 | P15: Costi previsti a zero
A16: S1888 | B16: IMPIANTO FV 2311,3 kWp PRESSO STAB. GSK | C16: 00720 | D16: GESCO SPA | E16: In Progress | F16: =SUMIFS(Dettaglio!$H$5:$H$100,Dettaglio!$A$5:$A$100,A16) -> 625699.99 | G16: =IF($F$29=0,"",F16/$F$29) -> 0.23057883 | H16: =SUMIFS(Dettaglio!$I$5:$I$100,Dettaglio!$A$5:$A$100,A16) -> 521722.95 | I16: =IF($H$29=0,"",H16/$H$29) -> 0.23261233 | J16: =F16-H16 -> 103977.04 | K16: =IF($J$29=0,"",J16/$J$29) -> 0.22088959 | L16: =IF(F16=0,"",J16/F16) -> 0.16617715 | M16: 625699.99 | N16: =F16-M16 -> 0 | O16: =COUNTIF(Dettaglio!$A$5:$A$100,A16)-COUNTIFS(Dettaglio!$A$5:$A$100,A16,Dettaglio!$C$5:$C$100,"Base") -> 0 | P16: Costi previsti a zero
A17: S1897 | B17: IMPIANTO ELETTRICO CABINATO A TEMPERATURA CONTROLLATA F12 - NP STABILIMENTO FIRENZE | C17: 00380 | D17: ANGELI S.R.L | E17: Chiusa | F17: =SUMIFS(Dettaglio!$H$5:$H$100,Dettaglio!$A$5:$A$100,A17) -> 57217.58 | G17: =IF($F$29=0,"",F17/$F$29) -> 0.021085445 | H17: =SUMIFS(Dettaglio!$I$5:$I$100,Dettaglio!$A$5:$A$100,A17) -> 32109.25 | I17: =IF($H$29=0,"",H17/$H$29) -> 0.014316042 | J17: =F17-H17 -> 25108.33 | K17: =IF($J$29=0,"",J17/$J$29) -> 0.05334032 | L17: =IF(F17=0,"",J17/F17) -> 0.43882195 | M17: 57217.58 | N17: =F17-M17 -> 0 | O17: =COUNTIF(Dettaglio!$A$5:$A$100,A17)-COUNTIFS(Dettaglio!$A$5:$A$100,A17,Dettaglio!$C$5:$C$100,"Base") -> 1
A18: S1908 | B18: IMPIANTO ELETTRICO CDZ CONTAINER | C18: 00690 | D18: ALGECO SPA con socio unico | E18: Chiusa | F18: =SUMIFS(Dettaglio!$H$5:$H$100,Dettaglio!$A$5:$A$100,A18) -> 2754.78 | G18: =IF($F$29=0,"",F18/$F$29) -> 0.0010151733 | H18: =SUMIFS(Dettaglio!$I$5:$I$100,Dettaglio!$A$5:$A$100,A18) -> 1465.57 | I18: =IF($H$29=0,"",H18/$H$29) -> 0.00065343044 | J18: =F18-H18 -> 1289.21 | K18: =IF($J$29=0,"",J18/$J$29) -> 0.0027388072 | L18: =IF(F18=0,"",J18/F18) -> 0.46799018 | M18: 2754.78 | N18: =F18-M18 -> 0 | O18: =COUNTIF(Dettaglio!$A$5:$A$100,A18)-COUNTIFS(Dettaglio!$A$5:$A$100,A18,Dettaglio!$C$5:$C$100,"Base") -> 0 | P18: Costi previsti a zero
A19: S1938 | B19: IMPIANTO ELETTRICO RE-LAYOUT AREA NUOVO FORNO CAMPATA M8 NUOVO PIGNONE FIRENZE | C19: 00215 | D19: ELLEGI SERVICE s.p.a. | E19: Chiusa | F19: =SUMIFS(Dettaglio!$H$5:$H$100,Dettaglio!$A$5:$A$100,A19) -> 11741.5 | G19: =IF($F$29=0,"",F19/$F$29) -> 0.0043269001 | H19: =SUMIFS(Dettaglio!$I$5:$I$100,Dettaglio!$A$5:$A$100,A19) -> 4966.25 | I19: =IF($H$29=0,"",H19/$H$29) -> 0.0022142231 | J19: =F19-H19 -> 6775.25 | K19: =IF($J$29=0,"",J19/$J$29) -> 0.014393391 | L19: =IF(F19=0,"",J19/F19) -> 0.57703445 | M19: 11741.5 | N19: =F19-M19 -> 0 | O19: =COUNTIF(Dettaglio!$A$5:$A$100,A19)-COUNTIFS(Dettaglio!$A$5:$A$100,A19,Dettaglio!$C$5:$C$100,"Base") -> 0
A20: S1950 | B20: Lavori di manutenzione e realizzazione impianti elettrici Lotto 2 - zona Lucchesia e Valdinievole - CIG AQ B1054381D0 | C20: 00335 | D20: ACQUE SPA | E20: In Progress | F20: =SUMIFS(Dettaglio!$H$5:$H$100,Dettaglio!$A$5:$A$100,A20) -> 584838.81 | G20: =IF($F$29=0,"",F20/$F$29) -> 0.21552094 | H20: =SUMIFS(Dettaglio!$I$5:$I$100,Dettaglio!$A$5:$A$100,A20) -> 509568.27 | I20: =IF($H$29=0,"",H20/$H$29) -> 0.22719312 | J20: =F20-H20 -> 75270.54 | K20: =IF($J$29=0,"",J20/$J$29) -> 0.15990529 | L20: =IF(F20=0,"",J20/F20) -> 0.12870305 | M20: 584838.81 | N20: =F20-M20 -> 0 | O20: =COUNTIF(Dettaglio!$A$5:$A$100,A20)-COUNTIFS(Dettaglio!$A$5:$A$100,A20,Dettaglio!$C$5:$C$100,"Base") -> 26 | P20: Costi previsti a zero
A21: S1954 | B21: IMPIANTO ELETTRICO PER REALIZZAZIONE VIA DI CORSA CAMPATA F3 N.P. FI | C21: 00215 | D21: ELLEGI SERVICE s.p.a. | E21: Chiusa | F21: =SUMIFS(Dettaglio!$H$5:$H$100,Dettaglio!$A$5:$A$100,A21) -> 11576 | G21: =IF($F$29=0,"",F21/$F$29) -> 0.0042659111 | H21: =SUMIFS(Dettaglio!$I$5:$I$100,Dettaglio!$A$5:$A$100,A21) -> 6207.44 | I21: =IF($H$29=0,"",H21/$H$29) -> 0.0027676128 | J21: =F21-H21 -> 5368.56 | K21: =IF($J$29=0,"",J21/$J$29) -> 0.011405008 | L21: =IF(F21=0,"",J21/F21) -> 0.46376641 | M21: 11576 | N21: =F21-M21 -> 0 | O21: =COUNTIF(Dettaglio!$A$5:$A$100,A21)-COUNTIFS(Dettaglio!$A$5:$A$100,A21,Dettaglio!$C$5:$C$100,"Base") -> 0
A22: S1981 | B22: COLLEGAMENTI EQUIPOTENZIALI CANTIERE ELLEGI NUOVA AREA RESISTENZE DI CARICO MT BANCHI INTERNI 1-2 STABILIMENTO N.P. FIRENZE | C22: 00215 | D22: ELLEGI SERVICE s.p.a. | E22: Chiusa | F22: =SUMIFS(Dettaglio!$H$5:$H$100,Dettaglio!$A$5:$A$100,A22) -> 630.78 | G22: =IF($F$29=0,"",F22/$F$29) -> 0.00023245088 | H22: =SUMIFS(Dettaglio!$I$5:$I$100,Dettaglio!$A$5:$A$100,A22) -> 522.24 | I22: =IF($H$29=0,"",H22/$H$29) -> 0.00023284286 | J22: =F22-H22 -> 108.54 | K22: =IF($J$29=0,"",J22/$J$29) -> 0.00023058317 | L22: =IF(F22=0,"",J22/F22) -> 0.17207267 | M22: 630.78 | N22: =F22-M22 -> 0 | O22: =COUNTIF(Dettaglio!$A$5:$A$100,A22)-COUNTIFS(Dettaglio!$A$5:$A$100,A22,Dettaglio!$C$5:$C$100,"Base") -> 0 | P22: Costi cons. compl. 522,24 > previsti 435,00 (+87,24)
A23: S1990 | B23: MANUTENZIONE STRAORDINARIA 2026 DI IMPIANTI ELETTRICI | C23: 00803 | D23: ING.FERRARI SPA | E23: In Progress | F23: =SUMIFS(Dettaglio!$H$5:$H$100,Dettaglio!$A$5:$A$100,A23) -> 147814.35 | G23: =IF($F$29=0,"",F23/$F$29) -> 0.054471568 | H23: =SUMIFS(Dettaglio!$I$5:$I$100,Dettaglio!$A$5:$A$100,A23) -> 128804.49 | I23: =IF($H$29=0,"",H23/$H$29) -> 0.057428014 | J23: =F23-H23 -> 19009.86 | K23: =IF($J$29=0,"",J23/$J$29) -> 0.040384686 | L23: =IF(F23=0,"",J23/F23) -> 0.12860632 | M23: 147814.35 | N23: =F23-M23 -> 0 | O23: =COUNTIF(Dettaglio!$A$5:$A$100,A23)-COUNTIFS(Dettaglio!$A$5:$A$100,A23,Dettaglio!$C$5:$C$100,"Base") -> 1 | P23: Costi previsti a zero
A24: S1995 | B24: KNX Dig.2 | C24: 00209 | D24: NUOVO PIGNONE S.r.l. | E24: Chiusa | F24: =SUMIFS(Dettaglio!$H$5:$H$100,Dettaglio!$A$5:$A$100,A24) -> 5278 | G24: =IF($F$29=0,"",F24/$F$29) -> 0.0019450137 | H24: =SUMIFS(Dettaglio!$I$5:$I$100,Dettaglio!$A$5:$A$100,A24) -> 3964.27 | I24: =IF($H$29=0,"",H24/$H$29) -> 0.0017674862 | J24: =F24-H24 -> 1313.73 | K24: =IF($J$29=0,"",J24/$J$29) -> 0.0027908976 | L24: =IF(F24=0,"",J24/F24) -> 0.24890678 | M24: 5278 | N24: =F24-M24 -> 0 | O24: =COUNTIF(Dettaglio!$A$5:$A$100,A24)-COUNTIFS(Dettaglio!$A$5:$A$100,A24,Dettaglio!$C$5:$C$100,"Base") -> 0 | P24: Costi previsti a zero
A25: S1998 | B25: IMPIANTO ELETTRICO ALIMENTAZIONE TORNIO PUMA | C25: 00380 | D25: ANGELI S.R.L | E25: Chiusa | F25: =SUMIFS(Dettaglio!$H$5:$H$100,Dettaglio!$A$5:$A$100,A25) -> 4959 | G25: =IF($F$29=0,"",F25/$F$29) -> 0.0018274579 | H25: =SUMIFS(Dettaglio!$I$5:$I$100,Dettaglio!$A$5:$A$100,A25) -> 3982.62 | I25: =IF($H$29=0,"",H25/$H$29) -> 0.0017756676 | J25: =F25-H25 -> 976.38 | K25: =IF($J$29=0,"",J25/$J$29) -> 0.0020742288 | L25: =IF(F25=0,"",J25/F25) -> 0.1968905 | M25: 4959 | N25: =F25-M25 -> 0 | O25: =COUNTIF(Dettaglio!$A$5:$A$100,A25)-COUNTIFS(Dettaglio!$A$5:$A$100,A25,Dettaglio!$C$5:$C$100,"Base") -> 0 | P25: Costi previsti a zero
A26: S2002 | B26: F14 - smantellamenti uffici | C26: 00380 | D26: ANGELI S.R.L | E26: Chiusa | F26: =SUMIFS(Dettaglio!$H$5:$H$100,Dettaglio!$A$5:$A$100,A26) -> 6000 | G26: =IF($F$29=0,"",F26/$F$29) -> 0.0022110804 | H26: =SUMIFS(Dettaglio!$I$5:$I$100,Dettaglio!$A$5:$A$100,A26) -> 4549.33 | I26: =IF($H$29=0,"",H26/$H$29) -> 0.0020283376 | J26: =F26-H26 -> 1450.67 | K26: =IF($J$29=0,"",J26/$J$29) -> 0.003081814 | L26: =IF(F26=0,"",J26/F26) -> 0.24177833 | M26: 6000 | N26: =F26-M26 -> 0 | O26: =COUNTIF(Dettaglio!$A$5:$A$100,A26)-COUNTIFS(Dettaglio!$A$5:$A$100,A26,Dettaglio!$C$5:$C$100,"Base") -> 0 | P26: Costi previsti a zero
A27: S2004 | B27: ADEGUAMENTO IMPIANTI CAMPATA C3 PER SPOSTAMENTO CARROPONTE A BANDIERA | C27: 00215 | D27: ELLEGI SERVICE s.p.a. | E27: Chiusa | F27: =SUMIFS(Dettaglio!$H$5:$H$100,Dettaglio!$A$5:$A$100,A27) -> 3284 | G27: =IF($F$29=0,"",F27/$F$29) -> 0.001210198 | H27: =SUMIFS(Dettaglio!$I$5:$I$100,Dettaglio!$A$5:$A$100,A27) -> 1631.46 | I27: =IF($H$29=0,"",H27/$H$29) -> 0.00072739318 | J27: =F27-H27 -> 1652.54 | K27: =IF($J$29=0,"",J27/$J$29) -> 0.0035106681 | L27: =IF(F27=0,"",J27/F27) -> 0.5032095 | M27: 3284 | N27: =F27-M27 -> 0 | O27: =COUNTIF(Dettaglio!$A$5:$A$100,A27)-COUNTIFS(Dettaglio!$A$5:$A$100,A27,Dettaglio!$C$5:$C$100,"Base") -> 0 | P27: Costi previsti a zero
A28: S2023 | B28: Accordo quadro per lavori di manutenzione e realizzazione impianti elettrici. LOTTO II - LUCCHESIA E VALDINIEVOLE | C28: 00335 | D28: ACQUE SPA | E28: In Progress | F28: =SUMIFS(Dettaglio!$H$5:$H$100,Dettaglio!$A$5:$A$100,A28) -> 183669.52 | G28: =IF($F$29=0,"",F28/$F$29) -> 0.067684679 | H28: =SUMIFS(Dettaglio!$I$5:$I$100,Dettaglio!$A$5:$A$100,A28) -> 93478.17 | I28: =IF($H$29=0,"",H28/$H$29) -> 0.041677628 | J28: =F28-H28 -> 90191.35 | K28: =IF($J$29=0,"",J28/$J$29) -> 0.19160317 | L28: =IF(F28=0,"",J28/F28) -> 0.49105235 | M28: 183669.52 | N28: =F28-M28 -> 0 | O28: =COUNTIF(Dettaglio!$A$5:$A$100,A28)-COUNTIFS(Dettaglio!$A$5:$A$100,A28,Dettaglio!$C$5:$C$100,"Base") -> 8 | P28: Costi previsti a zero
A29: TOTALE | F29: =SUM(F5:F28) -> 2713605.5 | G29: =IF(F29=0,"",F29/F29) -> 1 | H29: =SUM(H5:H28) -> 2242886 | I29: =IF(F29=0,"",H29/F29) -> 0.82653355 | J29: =SUM(J5:J28) -> 470719.52 | K29: =IF(F29=0,"",J29/F29) -> 0.17346645 | L29: =IF(F29=0,"",J29/F29) -> 0.17346645 | M29: =SUM(M5:M28) -> 2713605.5 | N29: =SUM(N5:N28) -> 0 | O29: =SUM(O5:O28) -> 73
A30: Nota: nella riga TOTALE, % Inc. costi e % Inc. MLC sono calcolate sui ricavi totali (come nel report: 82,65% e 17,35%).

Sheet Per cliente
A1: Riepilogo per cliente
A3: Cod. cliente | B3: Cliente | C3: N. commesse | D3: Ricavi (€) | E3: % Inc. ricavi | F3: Costi diretti (€) | G3: MLC (€) | H3: % MLC
A4: 00335 | B4: ACQUE SPA | C4: =COUNTIF(Commesse!$C$5:$C$28,A4) -> 5 | D4: =SUMIFS(Commesse!$F$5:$F$28,Commesse!$C$5:$C$28,A4) -> 1427501.4 | E4: =IF($D$13=0,"",D4/$D$13) -> 0.52605341 | F4: =SUMIFS(Commesse!$H$5:$H$28,Commesse!$C$5:$C$28,A4) -> 1222931.9 | G4: =D4-F4 -> 204569.49 | H4: =IF(D4=0,"",G4/D4) -> 0.14330598
A5: 00720 | B5: GESCO SPA | C5: =COUNTIF(Commesse!$C$5:$C$28,A5) -> 1 | D5: =SUMIFS(Commesse!$F$5:$F$28,Commesse!$C$5:$C$28,A5) -> 625699.99 | E5: =IF($D$13=0,"",D5/$D$13) -> 0.23057883 | F5: =SUMIFS(Commesse!$H$5:$H$28,Commesse!$C$5:$C$28,A5) -> 521722.95 | G5: =D5-F5 -> 103977.04 | H5: =IF(D5=0,"",G5/D5) -> 0.16617715
A6: 00782 | B6: ENGIE Servizi S.p.A. | C6: =COUNTIF(Commesse!$C$5:$C$28,A6) -> 4 | D6: =SUMIFS(Commesse!$F$5:$F$28,Commesse!$C$5:$C$28,A6) -> 397476.12 | E6: =IF($D$13=0,"",D6/$D$13) -> 0.14647528 | F6: =SUMIFS(Commesse!$H$5:$H$28,Commesse!$C$5:$C$28,A6) -> 283266.05 | G6: =D6-F6 -> 114210.07 | H6: =IF(D6=0,"",G6/D6) -> 0.28733819
A7: 00803 | B7: ING.FERRARI SPA | C7: =COUNTIF(Commesse!$C$5:$C$28,A7) -> 1 | D7: =SUMIFS(Commesse!$F$5:$F$28,Commesse!$C$5:$C$28,A7) -> 147814.35 | E7: =IF($D$13=0,"",D7/$D$13) -> 0.054471568 | F7: =SUMIFS(Commesse!$H$5:$H$28,Commesse!$C$5:$C$28,A7) -> 128804.49 | G7: =D7-F7 -> 19009.86 | H7: =IF(D7=0,"",G7/D7) -> 0.12860632
A8: 00380 | B8: ANGELI S.R.L | C8: =COUNTIF(Commesse!$C$5:$C$28,A8) -> 6 | D8: =SUMIFS(Commesse!$F$5:$F$28,Commesse!$C$5:$C$28,A8) -> 79848.58 | E8: =IF($D$13=0,"",D8/$D$13) -> 0.029425272 | F8: =SUMIFS(Commesse!$H$5:$H$28,Commesse!$C$5:$C$28,A8) -> 67019.16 | G8: =D8-F8 -> 12829.42 | H8: =IF(D8=0,"",G8/D8) -> 0.16067186
A9: 00215 | B9: ELLEGI SERVICE s.p.a. | C9: =COUNTIF(Commesse!$C$5:$C$28,A9) -> 4 | D9: =SUMIFS(Commesse!$F$5:$F$28,Commesse!$C$5:$C$28,A9) -> 27232.28 | E9: =IF($D$13=0,"",D9/$D$13) -> 0.01003546 | F9: =SUMIFS(Commesse!$H$5:$H$28,Commesse!$C$5:$C$28,A9) -> 13327.39 | G9: =D9-F9 -> 13904.89 | H9: =IF(D9=0,"",G9/D9) -> 0.51060323
A10: 00209 | B10: NUOVO PIGNONE S.r.l. | C10: =COUNTIF(Commesse!$C$5:$C$28,A10) -> 1 | D10: =SUMIFS(Commesse!$F$5:$F$28,Commesse!$C$5:$C$28,A10) -> 5278 | E10: =IF($D$13=0,"",D10/$D$13) -> 0.0019450137 | F10: =SUMIFS(Commesse!$H$5:$H$28,Commesse!$C$5:$C$28,A10) -> 3964.27 | G10: =D10-F10 -> 1313.73 | H10: =IF(D10=0,"",G10/D10) -> 0.24890678
A11: 00690 | B11: ALGECO SPA con socio unico | C11: =COUNTIF(Commesse!$C$5:$C$28,A11) -> 1 | D11: =SUMIFS(Commesse!$F$5:$F$28,Commesse!$C$5:$C$28,A11) -> 2754.78 | E11: =IF($D$13=0,"",D11/$D$13) -> 0.0010151733 | F11: =SUMIFS(Commesse!$H$5:$H$28,Commesse!$C$5:$C$28,A11) -> 1465.57 | G11: =D11-F11 -> 1289.21 | H11: =IF(D11=0,"",G11/D11) -> 0.46799018
A12: 00198 | B12: PUBLIACQUA S.p.A. | C12: =COUNTIF(Commesse!$C$5:$C$28,A12) -> 1 | D12: =SUMIFS(Commesse!$F$5:$F$28,Commesse!$C$5:$C$28,A12) -> 0 | E12: =IF($D$13=0,"",D12/$D$13) -> 0 | F12: =SUMIFS(Commesse!$H$5:$H$28,Commesse!$C$5:$C$28,A12) -> 384.19 | G12: =D12-F12 -> -384.19 | H12: =IF(D12=0,"",G12/D12)
A13: TOTALE | C13: =SUM(C4:C12) -> 24 | D13: =SUM(D4:D12) -> 2713605.5 | E13: =IF(D13=0,"",D13/D13) -> 1 | F13: =SUM(F4:F12) -> 2242886 | G13: =SUM(G4:G12) -> 470719.52 | H13: =IF(D13=0,"",G13/D13) -> 0.17346645

Sheet Dettaglio
A1: Dettaglio commesse e varianti - DESSI' ALESSANDRO
A2: Valori di ricavo e costo (in blu) copiati dal Prospetto Margine Economico (export HTML fornito dall'utente). MLC = Ricavi - Costi.
A4: Commessa madre | B4: Codice | C4: Tipo | D4: Descrizione | E4: Cod. cliente | F4: Cliente | G4: Stato | H4: Ricavi (€) | I4: Costi diretti (€) | J4: MLC (€) | K4: % MLC
A5: S1146 | B5: S1146 | C5: Base | D5: MANUTENZIONE STABILIMENTO NUOVO PIGNONE dal 14/03/2016 | E5: 00782 | F5: ENGIE Servizi S.p.A. | G5: In Progress | H5: 345280.73 | I5: 249926.02 | J5: =H5-I5 -> 95354.71 | K5: =IF(H5=0,"",J5/H5) -> 0.27616574
A6: S1146 | B6: S1146Q07 | C6: Quadro | D6: Quadro Matr: 25088 Tipo: Q.P.C.OLI.DIG5.3FN.25 | E6: 00782 | F6: ENGIE Servizi S.p.A. | G6: In Progress | H6: 0 | I6: 1525.68 | J6: =H6-I6 -> -1525.68 | K6: =IF(H6=0,"",J6/H6)
A7: S1146 | B7: S1146Q08 | C7: Quadro | D7: Quadro Matr: 25125 Tipo: Q.L.C.C15-C16.3FN.125 | E7: 00782 | F7: ENGIE Servizi S.p.A. | G7: In Progress | H7: 0 | I7: 2810.76 | J7: =H7-I7 -> -2810.76 | K7: =IF(H7=0,"",J7/H7)
A8: S1146 | B8: S1146Q09 | C8: Quadro | D8: Quadro Matr: 25161 Tipo: Q.P.SC.DIG4.FN.16 | E8: 00782 | F8: ENGIE Servizi S.p.A. | G8: In Progress | H8: 0 | I8: 669.76 | J8: =H8-I8 -> -669.76 | K8: =IF(H8=0,"",J8/H8)
A9: S1343 | B9: S1343V03 | C9: Variante | D9: MANUTENZIONE IMPIANTI DI TELECONTROLLO 2023 | E9: 00198 | F9: PUBLIACQUA S.p.A. | G9: Nuova | H9: 0 | I9: 384.19 | J9: =H9-I9 -> -384.19 | K9: =IF(H9=0,"",J9/H9)
A10: S1659 | B10: S1659 | C10: Base | D10: MANUTENZIONE E IMP. ELETTRICI SU RETI E IMPIANTI - ZONA LUCCHESIA - VALDINIEVOLE 2° CONTRATTO | E10: 00335 | F10: ACQUE SPA | G10: Chiusa | H10: 2732 | I10: 54700.89 | J10: =H10-I10 -> -51968.89 | K10: =IF(H10=0,"",J10/H10) -> -19.022288
A11: S1659 | B11: S1659Q17 | C11: Quadro | D11: Quadro Matr. 23225 Tipo Q.C.SERRAV.FN.16 | E11: 00335 | F11: ACQUE SPA | G11: In Progress | H11: 0 | I11: 115 | J11: =H11-I11 -> -115 | K11: =IF(H11=0,"",J11/H11)
A12: S1659 | B12: S1659Q38 | C12: Quadro | D12: Quadro Matr: 24177 Tipo: Q.PLC.S.LOR.FN.25 | E12: 00335 | F12: ACQUE SPA | G12: In Progress | H12: 0 | I12: 2772.81 | J12: =H12-I12 -> -2772.81 | K12: =IF(H12=0,"",J12/H12)
A13: S1659 | B13: S1659V18 | C13: Variante | D13: Lavori Vico | E13: 00335 | F13: ACQUE SPA | G13: In Progress | H13: 0 | I13: 350 | J13: =H13-I13 -> -350 | K13: =IF(H13=0,"",J13/H13)
A14: S1659 | B14: S1659V29 | C14: Variante | D14: illuminazione pisa sud | E14: 00335 | F14: ACQUE SPA | G14: Nuova | H14: 0 | I14: 152 | J14: =H14-I14 -> -152 | K14: =IF(H14=0,"",J14/H14)
A15: S1659 | B15: S1659V30 | C15: Variante | D15: Analizzatori Pagnana | E15: 00335 | F15: ACQUE SPA | G15: In Progress | H15: 0 | I15: 4141.99 | J15: =H15-I15 -> -4141.99 | K15: =IF(H15=0,"",J15/H15)
A16: S1659 | B16: S1659V38 | C16: Variante | D16: Quadro PLC PACO Cenaia (San Lorenzo Pescia S1659Q38) | E16: 00335 | F16: ACQUE SPA | G16: In Progress | H16: 0 | I16: 117 | J16: =H16-I16 -> -117 | K16: =IF(H16=0,"",J16/H16)
... A100: S2023 | B100: S2023V10 | C100: Variante | D100: ACQUE Modifica programmazione centrale zona sportiva Empoli | E100: 00335 | F100: ACQUE SPA | G100: In Progress | H100: 0 | I100: 448 | J100: =H100-I100 -> -448 | K100: =IF(H100=0,"",J100/H100)
A101: TOTALE | H101: =SUBTOTAL(9,H5:H100) -> 2713605.5 | I101: =SUBTOTAL(9,I5:I100) -> 2242886 | J101: =SUBTOTAL(9,J5:J100) -> 470719.52 | K101: =IF(H101=0,"",J101/H101) -> 0.17346645
